id,price,property_type,room_type,amenities,accommodates,bathrooms,bed_type,cancellation_policy,cleaning_fee,city,host_identity_verified,host_response_rate,host_since,neighbourhood,number_of_reviews,review_scores_rating,zipcode,bedrooms,beds
8284881,621.46,House,Entire home/apt,"{TV,""Cable TV"",Internet,""Wireless Internet"",""Air conditioning"",Pool,Kitchen,""Free parking on premises"",Gym,""Hot tub"",""Indoor fireplace"",Heating,""Family/kid friendly"",Washer,Dryer,""Smoke detector"",""Carbon monoxide detector"",""First aid kit"",""Safety card"",""Fire extinguisher"",Essentials,Shampoo,""24-hour check-in"",Hangers,""Hair dryer"",Iron,""Laptop friendly workspace""}",8,3,Real Bed,strict,1,LA,f,100%,2016-11-01,Pacific Palisades,1,,90272,4,6
8284882,621.46,House,Entire home/apt,"{TV,""Cable TV"",Internet,""Wireless Internet"",""Air conditioning"",Pool,Kitchen,""Free parking on premises"",Gym,""Hot tub"",""Indoor fireplace"",Heating,""Family/kid friendly"",Washer,Dryer,""Smoke detector"",""Carbon monoxide detector"",""First aid kit"",""Safety card"",""Fire extinguisher"",Essentials,Shampoo,""24-hour check-in"",Hangers,""Hair dryer"",Iron,""Laptop friendly workspace""}",8,3,Real Bed,strict,1,LA,f,100%,2016-11-01,Pacific Palisades,1,,90272,4,6
9479348,598.9,Apartment,Entire home/apt,"{""Wireless Internet"",""Air conditioning"",Kitchen,Heating,""Smoke detector"",""Carbon monoxide detector"",Essentials,Shampoo,Hangers,Iron,""translation missing: en.hosting_amenity_49"",""translation missing: en.hosting_amenity_50""}",7,2,Real Bed,strict,0,NYC,f,100%,2017-07-03,Hell's Kitchen,1,60,10036,3,4
8596057,420.47,House,Private room,"{""Wireless Internet"",""Air conditioning"",Pool,Kitchen,""Free parking on premises"",Breakfast,""Family/kid friendly"",Washer,Dryer,Essentials,Shampoo,Hangers,""Hair dryer"",""Self Check-In"",""Doorman Entry""}",1,2,Real Bed,flexible,0,LA,f,100%,2016-04-20,,0,,91748,1,1
11525500,478.75,Apartment,Entire home/apt,"{""Wireless Internet"",""Air conditioning"",Heating,Washer,Dryer,Essentials,""Laptop friendly workspace"",Microwave,Refrigerator,Dishwasher,""Dishes and silverware"",""Cooking basics"",Oven,Stove,""Host greets you""}",2,1,Real Bed,flexible,1,NYC,f,100%,2017-10-07,Williamsburg,2,100,11206,1,1
533884,662.01,Apartment,Entire home/apt,"{TV,Internet,""Wireless Internet"",""Air conditioning"",Kitchen,""Pets allowed"",Heating,""Family/kid friendly"",Washer,Dryer,Shampoo,""24-hour check-in"",Hangers,""Hair dryer"",""Laptop friendly workspace""}",6,1,Real Bed,flexible,0,SF,f,,2016-01-20,Cow Hollow,0,,94123,3,3
1404510,534.71,Townhouse,Entire home/apt,"{TV,""Wireless Internet"",Kitchen,""Free parking on premises"",""Indoor fireplace"",Heating,""Family/kid friendly"",Washer,Dryer,""Smoke detector"",""First aid kit"",""Fire extinguisher"",Essentials,Shampoo,Hangers,""Hair dryer"",Iron,""Laptop friendly workspace""}",6,2,Real Bed,moderate,1,LA,t,100%,2015-09-02,West Los Angeles,10,95,90025,3,3
4691130,444.27,House,Private room,"{TV,""Wireless Internet"",""Air conditioning"",Pool,Kitchen,""Free parking on premises"",Breakfast,Heating,""Family/kid friendly"",Washer,Dryer,""Smoke detector"",""Carbon monoxide detector"",""First aid kit"",Essentials,Shampoo,""Lock on bedroom door"",Hangers,""Hair dryer"",Iron,""Laptop friendly workspace""}",2,1,Real Bed,flexible,1,LA,t,0%,2013-10-28,,0,,91324,1,1
16449480,468.21,Apartment,Private room,"{TV,""Cable TV"",Internet,""Wireless Internet"",""Air conditioning"",Kitchen,""Smoking allowed"",""Pets allowed"",Doorman,Elevator,Heating,Washer,Dryer,""Smoke detector"",""Fire extinguisher"",Essentials,Shampoo}",2,1,Real Bed,moderate,1,NYC,f,100%,2012-03-26,East Harlem,4,90,10029,1,1
12513361,555.68,Apartment,Entire home/apt,"{TV,""Wireless Internet"",""Air conditioning"",""Smoke detector"",""Carbon monoxide detector"",Essentials,""Lock on bedroom door"",Hangers,Iron}",2,1,Real Bed,flexible,0,NYC,t,89%,2015-11-18,East Harlem,3,87,10029,0,1
15149374,444.27,Bungalow,Private room,"{""Wireless Internet"",Kitchen,""Pets allowed"",""Indoor fireplace"",Heating,Washer,Dryer,""Smoke detector"",""Carbon monoxide detector"",""First aid kit"",""Fire extinguisher"",Essentials,Shampoo,""Lock on bedroom door"",Hangers,""Hair dryer"",Iron,""Laptop friendly workspace""}",3,1,Real Bed,strict,1,LA,t,97%,2012-08-17,Venice,3,100,90291,0,1
11972209,548.06,Apartment,Entire home/apt,"{TV,""Cable TV"",Internet,""Wireless Internet"",""Air conditioning"",Kitchen,Heating,""Family/kid friendly"",""Smoke detector"",""Carbon monoxide detector"",""First aid kit"",""Safety card"",""Fire extinguisher"",Essentials,Shampoo,""24-hour check-in"",Hangers,""Hair dryer"",Iron,""Laptop friendly workspace"",""Private entrance"",Bathtub,""Baby bath"",""High chair"",""Children��s books and toys"",""Pack ��n Play/travel crib"",""Children��s dinnerware""}",7,1,Real Bed,strict,1,NYC,t,100%,2014-01-29,East Harlem,140,94,10029,3,3
6689195,433.07,Apartment,Entire home/apt,"{TV,Internet,""Wireless Internet"",""Air conditioning"",Pool,Kitchen,Gym,""Pets live on this property"",Cat(s),""Buzzer/wireless intercom"",""Family/kid friendly"",Washer,Dryer,""Smoke detector"",""First aid kit"",""Fire extinguisher"",Essentials,Shampoo,Hangers,""Hair dryer"",Iron,""Laptop friendly workspace""}",4,1,Real Bed,strict,0,LA,t,,2013-05-30,Burbank,1,,91504,2,2
17009057,552.15,House,Entire home/apt,"{TV,""Cable TV"",Internet,""Wireless Internet"",Kitchen,""Free parking on premises"",Heating,""Family/kid friendly"",Washer,Dryer,""Smoke detector"",""Carbon monoxide detector"",""Fire extinguisher"",Essentials,Shampoo,Hangers,""Hair dryer"",Iron,""Laptop friendly workspace"",""translation missing: en.hosting_amenity_50"",""Self Check-In"",Lockbox}",4,2,Real Bed,moderate,1,SF,t,80%,2014-02-23,Bernal Heights,25,98,94110,2,2
18333003,570.04,Apartment,Private room,"{TV,""Wireless Internet"",""Air conditioning"",Pool,Kitchen,Gym,""Elevator in building"",Heating,""Family/kid friendly"",Washer,Dryer,""Smoke detector"",Essentials,Shampoo,Hangers,""Laptop friendly workspace"",""Private living room""}",4,2,Real Bed,flexible,0,Chicago,f,80%,2015-06-30,Loop,0,,60606,2,2
16274069,482.83,Apartment,Entire home/apt,"{TV,Internet,""Wireless Internet"",""Air conditioning"",Kitchen,""Free parking on premises"",""Buzzer/wireless intercom"",Heating,""Family/kid friendly"",""Smoke detector"",""Carbon monoxide detector"",""First aid kit"",Essentials}",4,1,Real Bed,moderate,1,NYC,f,100%,2014-02-11,Bedford-Stuyvesant,13,92,11216,2,3
13121821,501.06,Apartment,Private room,"{TV,""Cable TV"",Internet,""Wireless Internet"",""Air conditioning"",Kitchen,Heating,""Smoke detector"",""First aid kit"",Essentials,Hangers,""Hair dryer"",Iron,""Laptop friendly workspace""}",1,1,Real Bed,flexible,0,NYC,f,,2014-09-20,Park Slope,0,,11215,1,1
15705947,478.75,Apartment,Entire home/apt,"{""Wireless Internet"",""Air conditioning"",Kitchen,""Family/kid friendly"",""Suitable for events"",Washer,Dryer,""Smoke detector"",""Carbon monoxide detector"",""First aid kit"",""Safety card"",Essentials,Shampoo,""Hair dryer"",Iron,""Laptop friendly workspace""}",4,1,Real Bed,moderate,1,NYC,f,80%,2015-07-09,Upper East Side,7,90,10065,1,2
11456592,529.83,Loft,Private room,"{""Wireless Internet"",""Air conditioning"",""Free parking on premises"",Breakfast,Heating,Essentials,""Lock on bedroom door"",""Laptop friendly workspace"",""translation missing: en.hosting_amenity_49"",""translation missing: en.hosting_amenity_50""}",2,1,Real Bed,moderate,0,NYC,f,100%,2011-02-23,Williamsburg,0,,11211,0,2
11456593,529.83,Loft,Private room,"{""Wireless Internet"",""Air conditioning"",""Free parking on premises"",Breakfast,Heating,Essentials,""Lock on bedroom door"",""Laptop friendly workspace"",""translation missing: en.hosting_amenity_49"",""translation missing: en.hosting_amenity_50""}",2,1,Real Bed,moderate,0,NYC,f,100%,2011-02-23,Williamsburg,0,,11211,0,2
11456594,529.83,Loft,Private room,"{""Wireless Internet"",""Air conditioning"",""Free parking on premises"",Breakfast,Heating,Essentials,""Lock on bedroom door"",""Laptop friendly workspace"",""translation missing: en.hosting_amenity_49"",""translation missing: en.hosting_amenity_50""}",2,1,Real Bed,moderate,0,NYC,f,100%,2011-02-23,Williamsburg,0,,11211,0,2
1077375,400.73,Apartment,Private room,"{""Wireless Internet"",Heating,""Family/kid friendly"",""Smoke detector"",""Carbon monoxide detector"",""Fire extinguisher"",Essentials,Shampoo,Hangers,Iron,""Laptop friendly workspace"",""translation missing: en.hosting_amenity_50""}",1,1,Real Bed,moderate,1,NYC,t,,2015-04-04,Sunset Park,1,100,11220,1,1
12497464,431.75,Apartment,Private room,"{""Wireless Internet"",Kitchen,""Buzzer/wireless intercom"",Heating,""Family/kid friendly"",Washer,Dryer,""Smoke detector"",""Carbon monoxide detector""}",2,1,Real Bed,moderate,1,NYC,t,,2014-01-14,Crown Heights,2,80,11238,1,1
16073836,431.75,House,Private room,"{TV,Internet,""Wireless Internet"",""Free parking on premises"",""Family/kid friendly"",Washer,Dryer,Essentials}",2,1,Real Bed,flexible,0,LA,f,,2016-09-02,Culver City,0,,90232,1,1
17681277,529.83,Apartment,Private room,"{TV,Internet,""Wireless Internet"",""Air conditioning"",Kitchen,""Free parking on premises"",""Indoor fireplace"",Heating,Washer,Dryer,""Smoke detector"",""Carbon monoxide detector"",""First aid kit"",""Fire extinguisher"",Essentials,Shampoo}",2,1,Real Bed,strict,1,LA,t,100%,2011-04-07,Echo Park,0,,90026,1,1
4471474,313.55,House,Shared room,{},1,1,Real Bed,flexible,1,LA,t,100%,2013-12-20,,0,,91405,1,1
15754561,482.83,Apartment,Entire home/apt,"{""Wireless Internet"",""Air conditioning"",Kitchen,""Family/kid friendly"",""Smoke detector"",""Carbon monoxide detector"",""First aid kit"",""Safety card"",""Fire extinguisher"",Essentials,Hangers,Iron,""Laptop friendly workspace""}",4,1,Real Bed,moderate,1,NYC,f,100%,2017-06-07,Bedford-Stuyvesant,0,,11216,1,1
19875244,630.99,Condominium,Entire home/apt,"{TV,""Cable TV"",""Wireless Internet"",""Air conditioning"",Kitchen,Breakfast,""Indoor fireplace"",""Buzzer/wireless intercom"",Heating,""Family/kid friendly"",Washer,Dryer,""Smoke detector"",""Carbon monoxide detector"",""Safety card"",""Fire extinguisher"",Essentials,Shampoo,Hangers,""Hair dryer"",Iron,""Laptop friendly workspace""}",6,2,Real Bed,flexible,1,Chicago,t,100%,2010-09-27,Lakeview,0,,60657,2,2
12954602,465.4,Loft,Entire home/apt,"{Internet,""Wireless Internet"",""Free parking on premises"",Heating,""Family/kid friendly"",""Smoke detector"",""Carbon monoxide detector"",""First aid kit"",""Fire extinguisher"",Essentials,Shampoo,""24-hour check-in"",Hangers,""Hair dryer"",Iron,""Laptop friendly workspace"",""Self Check-In"",Lockbox}",3,1,Real Bed,moderate,1,LA,f,100%,2015-11-14,Westside,43,97,90064,0,2
19118005,552.15,Apartment,Entire home/apt,"{TV,""Cable TV"",Internet,""Wireless Internet"",""Air conditioning"",Kitchen,""Buzzer/wireless intercom"",Heating}",2,1,Real Bed,strict,0,NYC,t,0%,2009-11-12,Alphabet City,11,93,10009,1,2
16662334,400.73,House,Private room,"{""Wireless Internet"",Kitchen,Washer,Dryer,""Smoke detector"",""Carbon monoxide detector"",""First aid kit"",""Fire extinguisher"",Essentials,Hangers,""Hair dryer"",Iron,""Laptop friendly workspace"",""translation missing: en.hosting_amenity_49"",""translation missing: en.hosting_amenity_50""}",2,1,Real Bed,flexible,1,LA,t,100%,2014-09-20,Gardena,6,97,90249,1,1
20049857,474.49,Apartment,Entire home/apt,"{TV,""Wireless Internet"",""Air conditioning"",Kitchen,Heating,""Smoke detector"",Essentials,Hangers,""Hair dryer"",""Laptop friendly workspace"",""translation missing: en.hosting_amenity_49"",""translation missing: en.hosting_amenity_50""}",2,1,Real Bed,moderate,1,LA,f,,2017-10-07,West Hollywood,0,,90046,1,1
18157879,570.38,House,Entire home/apt,"{TV,""Wireless Internet"",""Air conditioning"",Kitchen,Breakfast,Heating,""Family/kid friendly"",Washer,Dryer,""Smoke detector"",""Carbon monoxide detector"",""First aid kit"",""Safety card"",""Fire extinguisher"",Essentials,Shampoo,""Lock on bedroom door"",Hangers,""Hair dryer"",Iron,""Laptop friendly workspace""}",7,2,Real Bed,strict,1,Chicago,t,,2016-01-20,Lincoln Park,9,98,60614,3,3
17666136,538.91,Apartment,Entire home/apt,"{Internet,""Wireless Internet"",""Air conditioning"",Kitchen,""Buzzer/wireless intercom"",Heating,""Smoke detector"",""Carbon monoxide detector"",""First aid kit"",Essentials,Shampoo}",4,1,Real Bed,moderate,1,NYC,f,,2014-11-17,East Village,1,100,10003,2,3
2135314,519.3,Loft,Entire home/apt,"{TV,""Cable TV"",Internet,""Wireless Internet"",""Air conditioning"",Kitchen,Doorman,Elevator,""Hot tub"",""Buzzer/wireless intercom"",Heating,Washer,Dryer,""Smoke detector"",""Carbon monoxide detector"",Essentials,Shampoo}",2,1,Real Bed,strict,0,NYC,f,,2015-07-09,East Village,3,87,10003,1,1
5321584,717.01,House,Entire home/apt,"{TV,""Cable TV"",Internet,""Wireless Internet"",Kitchen,""Free parking on premises"",""Indoor fireplace"",Heating,""Family/kid friendly"",Washer,Dryer,""Smoke detector"",""Carbon monoxide detector"",""Safety card"",""Fire extinguisher"",Essentials,Shampoo,""24-hour check-in"",Hangers,""Hair dryer"",Iron,""Laptop friendly workspace""}",8,2,Real Bed,strict,1,SF,t,,2014-09-20,Hayes Valley,4,100,94102,4,5
3710477,674.52,House,Entire home/apt,"{TV,""Cable TV"",""Wireless Internet"",""Air conditioning"",Kitchen,Heating,""Family/kid friendly"",""Smoke detector"",""Carbon monoxide detector"",""First aid kit"",""Safety card"",""Fire extinguisher"",Essentials,Shampoo,""Lock on bedroom door"",Hangers,""Hair dryer"",Iron,""Laptop friendly workspace"",""Self Check-In"",Lockbox,""Private entrance"",""Hot water"",""Bed linens"",""Extra pillows and blankets"",Microwave,""Coffee maker"",Refrigerator,""Dishes and silverware"",""Cooking basics"",Oven,Stove}",14,2,Real Bed,moderate,1,NYC,f,100%,2017-10-07,Astoria,0,,11103,6,8
13978228,578.38,House,Entire home/apt,"{""Wireless Internet"",""Air conditioning"",Kitchen,""Free parking on premises"",""Smoking allowed"",""Pets allowed"",""Hot tub"",""Indoor fireplace"",Heating,""Family/kid friendly"",Washer,Dryer,""Smoke detector"",""First aid kit"",Essentials,Hangers,""Hair dryer"",""Laptop friendly workspace""}",4,3,Real Bed,flexible,0,LA,t,100%,2015-08-05,Mount Washington,0,,90065,2,2
16028615,487.52,Apartment,Entire home/apt,"{TV,Internet,""Wireless Internet"",""Air conditioning"",""Wheelchair accessible"",Pool,Kitchen,Gym,""Elevator in building"",""Hot tub"",""Indoor fireplace"",Heating,""Family/kid friendly"",Washer,Dryer,""Smoke detector"",""Carbon monoxide detector"",""First aid kit"",""Safety card"",""Fire extinguisher"",Essentials,Shampoo,""Lock on bedroom door"",""24-hour check-in"",Hangers,""Hair dryer"",Iron,""Laptop friendly workspace""}",4,2,Real Bed,moderate,1,Chicago,t,100%,2016-09-02,Loop,1,100,60605,2,2
15027031,548.06,Apartment,Entire home/apt,"{TV,""Cable TV"",Internet,""Wireless Internet"",""Air conditioning"",Kitchen,""Pets live on this property"",Cat(s),""Buzzer/wireless intercom"",Heating,""Family/kid friendly"",Washer,Dryer,Essentials,Shampoo,""24-hour check-in"",Hangers,""Hair dryer"",Iron,""Laptop friendly workspace""}",3,1,Real Bed,strict,1,NYC,t,100%,2014-09-20,Alphabet City,12,98,10009,1,2
10842610,519.3,Apartment,Entire home/apt,"{""Wireless Internet"",Kitchen,""Free parking on premises"",""Pets allowed"",Heating,""Family/kid friendly"",""Smoke detector"",""Carbon monoxide detector"",""24-hour check-in"",Hangers,""Hair dryer"",Iron,""Laptop friendly workspace""}",6,1,Real Bed,flexible,1,NYC,t,100%,2012-07-07,The Rockaways,5,100,11692,3,3
19245819,424.85,Apartment,Private room,"{Internet,""Wireless Internet"",Kitchen,""Pets live on this property"",Dog(s),Washer,Dryer,""Smoke detector"",""Fire extinguisher""}",1,1,Real Bed,moderate,0,SF,t,,2010-03-16,Mission District,12,90,94110,1,1
7196412,366.36,Cabin,Private room,"{""Wireless Internet"",Kitchen,Washer,Dryer,""Smoke detector"",""First aid kit"",""Fire extinguisher"",Essentials,""Hair dryer"",""translation missing: en.hosting_amenity_49"",""translation missing: en.hosting_amenity_50""}",2,3,Real Bed,moderate,0,LA,f,100%,2016-09-10,Valley Glen,14,91,91606,1,1
16333776,482.83,House,Private room,"{TV,""Cable TV"",Internet,""Wireless Internet"",Kitchen,""Free parking on premises"",""Pets live on this property"",Dog(s),""Indoor fireplace"",""Buzzer/wireless intercom"",Heating,Washer,Dryer,""Smoke detector"",""Carbon monoxide detector"",""First aid kit"",""Safety card"",""Fire extinguisher"",Essentials,Shampoo,""24-hour check-in"",Hangers,""Hair dryer"",Iron,""Laptop friendly workspace"",""translation missing: en.hosting_amenity_49"",""translation missing: en.hosting_amenity_50"",""Self Check-In"",Lockbox}",2,1,Real Bed,strict,1,SF,t,100%,2013-12-26,Richmond District,117,96,94118,1,1
16333777,482.83,House,Private room,"{TV,""Cable TV"",Internet,""Wireless Internet"",Kitchen,""Free parking on premises"",""Pets live on this property"",Dog(s),""Indoor fireplace"",""Buzzer/wireless intercom"",Heating,Washer,Dryer,""Smoke detector"",""Carbon monoxide detector"",""First aid kit"",""Safety card"",""Fire extinguisher"",Essentials,Shampoo,""24-hour check-in"",Hangers,""Hair dryer"",Iron,""Laptop friendly workspace"",""translation missing: en.hosting_amenity_49"",""translation missing: en.hosting_amenity_50"",""Self Check-In"",Lockbox}",2,1,Real Bed,strict,1,SF,t,100%,2013-12-26,Richmond District,117,96,94118,1,1
16333778,482.83,House,Private room,"{TV,""Cable TV"",Internet,""Wireless Internet"",Kitchen,""Free parking on premises"",""Pets live on this property"",Dog(s),""Indoor fireplace"",""Buzzer/wireless intercom"",Heating,Washer,Dryer,""Smoke detector"",""Carbon monoxide detector"",""First aid kit"",""Safety card"",""Fire extinguisher"",Essentials,Shampoo,""24-hour check-in"",Hangers,""Hair dryer"",Iron,""Laptop friendly workspace"",""translation missing: en.hosting_amenity_49"",""translation missing: en.hosting_amenity_50"",""Self Check-In"",Lockbox}",2,1,Real Bed,strict,1,SF,t,100%,2013-12-26,Richmond District,117,96,94118,1,1
16333779,482.83,House,Private room,"{TV,""Cable TV"",Internet,""Wireless Internet"",Kitchen,""Free parking on premises"",""Pets live on this property"",Dog(s),""Indoor fireplace"",""Buzzer/wireless intercom"",Heating,Washer,Dryer,""Smoke detector"",""Carbon monoxide detector"",""First aid kit"",""Safety card"",""Fire extinguisher"",Essentials,Shampoo,""24-hour check-in"",Hangers,""Hair dryer"",Iron,""Laptop friendly workspace"",""translation missing: en.hosting_amenity_49"",""translation missing: en.hosting_amenity_50"",""Self Check-In"",Lockbox}",2,1,Real Bed,strict,1,SF,t,100%,2013-12-26,Richmond District,117,96,94118,1,1
16333772,482.83,House,Private room,"{TV,""Cable TV"",Internet,""Wireless Internet"",Kitchen,""Free parking on premises"",""Pets live on this property"",Dog(s),""Indoor fireplace"",""Buzzer/wireless intercom"",Heating,Washer,Dryer,""Smoke detector"",""Carbon monoxide detector"",""First aid kit"",""Safety card"",""Fire extinguisher"",Essentials,Shampoo,""24-hour check-in"",Hangers,""Hair dryer"",Iron,""Laptop friendly workspace"",""translation missing: en.hosting_amenity_49"",""translation missing: en.hosting_amenity_50"",""Self Check-In"",Lockbox}",2,1,Real Bed,strict,1,SF,t,100%,2013-12-26,Richmond District,117,96,94118,1,1
12592005,524.7,Apartment,Entire home/apt,"{TV,""Wireless Internet"",""Air conditioning"",Kitchen,Heating,""Family/kid friendly"",Washer,Dryer,""Smoke detector"",""Safety card"",""Fire extinguisher"",Essentials,Shampoo,""Lock on bedroom door"",Hangers,""Hair dryer"",Iron}",4,1,Real Bed,moderate,1,NYC,f,90%,2017-07-06,Harlem,10,100,10039,1,2
1174876,424.85,House,Private room,"{""Wireless Internet"",""Air conditioning"",""Pets live on this property"",Dog(s),Cat(s),Heating,""Smoke detector"",""Carbon monoxide detector"",""First aid kit"",Essentials,Shampoo,""24-hour check-in"",Hangers,""Hair dryer"",Iron,""Laptop friendly workspace"",""translation missing: en.hosting_amenity_49"",""translation missing: en.hosting_amenity_50""}",2,1,Real Bed,strict,0,NYC,t,100%,2015-06-10,Harlem,69,93,10027,1,1
20888646,423.41,House,Private room,"{TV,""Wireless Internet"",""Air conditioning"",Kitchen,Heating,Washer,Dryer,""Smoke detector"",""Carbon monoxide detector"",""First aid kit"",""Fire extinguisher"",Essentials,Shampoo,""Lock on bedroom door"",Hangers,""Hair dryer"",Iron,""translation missing: en.hosting_amenity_49"",""translation missing: en.hosting_amenity_50"",""Private living room"",""Private entrance""}",2,1,Real Bed,flexible,1,LA,f,98%,2016-11-20,Canoga Park,4,100,91303,0,1
1786412,448.86,Apartment,Private room,"{""Wireless Internet"",""Air conditioning"",Kitchen,Heating,""Suitable for events"",""Smoke detector"",""Carbon monoxide detector"",""First aid kit"",""Fire extinguisher"",Essentials,Shampoo,""Lock on bedroom door"",Hangers,""translation missing: en.hosting_amenity_49"",""translation missing: en.hosting_amenity_50""}",2,1,Real Bed,strict,1,NYC,t,93%,2010-05-11,Williamsburg,8,86,11211,1,1
14575777,506.89,Villa,Private room,"{TV,Internet,""Wireless Internet"",""Air conditioning"",Kitchen,""Free parking on premises"",Essentials,Shampoo,""translation missing: en.hosting_amenity_49"",""translation missing: en.hosting_amenity_50""}",6,2,Real Bed,strict,1,LA,t,70%,2015-10-22,,2,100,90703,3,3
20515889,720.79,Villa,Entire home/apt,"{TV,""Cable TV"",Internet,""Wireless Internet"",Kitchen,""Free parking on premises"",""Pets allowed"",""Elevator in building"",""Hot tub"",""Indoor fireplace"",Heating,""Family/kid friendly"",""Suitable for events"",Washer,Dryer,""Smoke detector"",""Carbon monoxide detector"",""First aid kit"",""Safety card"",""Fire extinguisher"",Essentials,Shampoo}",8,3,Real Bed,strict,1,LA,f,20%,2014-05-26,Topanga,0,,90265,3,4
13783491,516.48,Villa,Private room,"{TV,""Cable TV"",Internet,""Wireless Internet"",""Air conditioning"",Pool,Kitchen,""Free parking on premises"",""Pets allowed"",""Hot tub"",""Indoor fireplace"",Heating,""Family/kid friendly"",Washer,Dryer,""Smoke detector"",""Carbon monoxide detector"",""Fire extinguisher"",Essentials,Shampoo,""Lock on bedroom door"",""24-hour check-in"",Hangers,""Hair dryer"",Iron,""Laptop friendly workspace""}",2,1,Real Bed,strict,1,LA,t,90%,2015-08-20,Hollywood Hills,1,100,90046,1,1
10089727,594.02,Villa,Entire home/apt,"{""Air conditioning"",""Wheelchair accessible"",Pool,""Free parking on premises"",Gym,""Hot tub"",""Family/kid friendly"",Essentials,Shampoo}",6,1,Real Bed,strict,1,LA,f,100%,2015-06-06,,15,89,90265,3,4
7939396,459.51,Villa,Entire home/apt,"{TV,""Cable TV"",Internet,""Wireless Internet"",Kitchen,""Pets allowed"",Heating,""Family/kid friendly"",Washer,Dryer,""Smoke detector"",""Carbon monoxide detector"",""Fire extinguisher"",""24-hour check-in"",Hangers,""Hair dryer""}",6,1,Real Bed,strict,1,LA,t,91%,2014-01-16,Long Beach,120,89,90803,2,3
6591755,529.33,Villa,Entire home/apt,"{TV,""Cable TV"",Internet,""Wireless Internet"",Kitchen,""Pets allowed"",""Pets live on this property"",""Buzzer/wireless intercom"",Heating,""Family/kid friendly"",Washer,Dryer,""Smoke detector"",""Carbon monoxide detector"",""Fire extinguisher"",Essentials,Hangers,""Hair dryer"",Iron,""Laptop friendly workspace""}",16,3,Real Bed,strict,1,LA,t,91%,2016-01-16,Long Beach,88,90,90803,4,6
5203241,679.68,Villa,Entire home/apt,"{TV,""Cable TV"",Internet,""Wireless Internet"",""Air conditioning"",Pool,Kitchen,Gym,""Hot tub"",""Indoor fireplace"",Heating,""Family/kid friendly"",Washer,Dryer,""Smoke detector"",""Carbon monoxide detector"",""Fire extinguisher"",Essentials,Shampoo,""24-hour check-in"",Hangers,""Hair dryer"",Iron,""Laptop friendly workspace""}",6,2,Real Bed,strict,1,LA,t,100%,2017-08-17,Rancho Palos Verdes,1,100,90275,2,4
11508891,633.51,Villa,Entire home/apt,"{TV,Internet,""Wireless Internet"",Kitchen,""Free parking on premises"",Heating,""Family/kid friendly"",Washer,Dryer,Essentials,""24-hour check-in"",""Laptop friendly workspace"",""Self Check-In"",Keypad}",10,2,Real Bed,strict,1,LA,t,94%,2015-08-12,Malibu,43,92,90265,2,2
18823930,485.98,Villa,Entire home/apt,"{TV,Internet,""Wireless Internet"",Kitchen,""Free parking on premises"",""Smoking allowed"",""Pets allowed"",Heating,""Family/kid friendly"",Washer,Dryer,Essentials,""24-hour check-in"",Hangers,Iron,""Laptop friendly workspace""}",6,1,Real Bed,moderate,1,LA,t,90%,2013-12-06,Harbor Gateway,27,93,90501,2,2
15523281,598.9,Villa,Entire home/apt,"{TV,""Cable TV"",Internet,""Wireless Internet"",Pool,Kitchen,""Free parking on premises"",Gym,Breakfast,""Hot tub"",""Indoor fireplace"",Heating,""Family/kid friendly"",Washer,Dryer,""Smoke detector"",""Carbon monoxide detector"",Essentials,Shampoo,""Lock on bedroom door"",Hangers,""Private entrance""}",4,1,Real Bed,strict,1,LA,f,100%,2014-05-20,,5,88,90704,1,2
19698509,741.76,Villa,Entire home/apt,"{TV,""Cable TV"",Internet,""Wireless Internet"",""Air conditioning"",Kitchen,""Free parking on premises"",Heating,""Family/kid friendly"",Washer,Dryer,""Smoke detector"",""Carbon monoxide detector"",""First aid kit"",""Safety card"",""Fire extinguisher"",Essentials,Shampoo,Hangers,""Hair dryer"",Iron}",8,4,Real Bed,super_strict_60,1,LA,t,100%,2015-01-05,,0,,90277,4,4
7834158,599.15,Villa,Entire home/apt,"{TV,""Cable TV"",Internet,""Wireless Internet"",Kitchen,""Free parking on premises"",""Indoor fireplace"",""Buzzer/wireless intercom"",Heating,""Family/kid friendly"",""Suitable for events"",Washer,Dryer,""Smoke detector"",Essentials,Shampoo,""24-hour check-in"",Hangers,""Hair dryer"",Iron,""Laptop friendly workspace""}",10,4,Real Bed,strict,1,LA,t,100%,2014-08-21,Redondo Beach,39,94,90278,4,5
17764793,469.13,Villa,Private room,"{TV,""Cable TV"",Internet,""Wireless Internet"",""Air conditioning"",Pool,""Pets live on this property"",Dog(s),""Free parking on street"",""Hot tub"",Heating,""Family/kid friendly"",""Smoke detector"",""Carbon monoxide detector"",Essentials,Shampoo,""Lock on bedroom door"",Hangers,""Hair dryer"",Iron,""Laptop friendly workspace"",""translation missing: en.hosting_amenity_50""}",2,1,Real Bed,moderate,1,LA,t,100%,2012-11-02,Topanga,6,100,91364,1,1
11136854,485.2,Villa,Entire home/apt,"{TV,Internet,""Wireless Internet"",""Air conditioning"",Kitchen,""Free parking on premises"",""Pets allowed"",Heating,""Family/kid friendly"",Washer,Dryer,""Smoke detector"",""Carbon monoxide detector"",""First aid kit"",""Fire extinguisher"",Essentials,Shampoo,Hangers,""Hair dryer"",Iron,""Laptop friendly workspace"",""Self Check-In"",""Doorman Entry""}",6,1,Real Bed,strict,1,LA,t,100%,2014-08-12,Temple City,28,96,91780,2,4
13276443,470.05,House,Private room,"{""Cable TV"",Internet,""Wireless Internet"",""Air conditioning"",Kitchen,""Indoor fireplace"",Washer,""Smoke detector"",""Carbon monoxide detector"",""First aid kit"",Shampoo}",2,1,Real Bed,flexible,0,SF,t,,2013-05-15,Russian Hill,2,100,94109,1,1
13207484,368.89,House,Shared room,"{TV,""Cable TV"",Internet,""Wireless Internet"",""Air conditioning"",Kitchen,""Smoking allowed"",""Pets allowed"",""Pets live on this property"",Dog(s),""Buzzer/wireless intercom"",Heating,""Family/kid friendly"",""Suitable for events"",Washer,""Smoke detector"",""Carbon monoxide detector"",""First aid kit"",""Fire extinguisher"",Essentials,Shampoo,""24-hour check-in"",Hangers,""Hair dryer"",Iron,""Laptop friendly workspace""}",4,1,Couch,strict,1,LA,t,25%,2016-12-05,Hollywood,0,,90028,1,1
7837072,336.73,House,Private room,"{Internet,""Wireless Internet"",""Air conditioning"",Kitchen,""Free parking on premises"",""Indoor fireplace"",Heating,Washer,Dryer,""Smoke detector"",""Carbon monoxide detector"",""Fire extinguisher"",Essentials,Shampoo,Hangers,""Hair dryer"",Iron,""Laptop friendly workspace"",""translation missing: en.hosting_amenity_49"",""translation missing: en.hosting_amenity_50""}",2,1,Real Bed,moderate,0,LA,f,98%,2017-07-02,,0,,91770,1,1
7823396,417.44,House,Private room,"{TV,""Cable TV"",""Wireless Internet"",""Air conditioning"",Heating,""Family/kid friendly"",""Smoke detector"",""Carbon monoxide detector"",Essentials,Hangers,""Hair dryer"",Iron,""Laptop friendly workspace"",""Private entrance"",""Hot water"",""Bed linens"",""Extra pillows and blankets"",""Ethernet connection"",Microwave,""Coffee maker"",Refrigerator,""Dishes and silverware"",""Long term stays allowed"",""Wide doorway"",""Flat, smooth pathway to front door"",""Well-lit path to entrance"",""Step-free access"",""Wide clearance to bed"",""Step-free access"",""Wide entryway""}",2,1,Real Bed,moderate,1,NYC,f,100%,2015-05-27,Richmond Hill,74,96,11419,1,1
8889145,539.36,House,Entire home/apt,"{TV,""Wireless Internet"",""Air conditioning"",Kitchen,""Free parking on premises"",""Indoor fireplace"",Heating,""Family/kid friendly"",Washer,Dryer,""Smoke detector"",Essentials}",4,2,Real Bed,moderate,1,LA,t,,2012-01-06,Studio City,0,,91604,2,2
7966742,423.41,House,Private room,"{Internet,""Wireless Internet"",""Air conditioning"",Kitchen,""Free parking on premises"",""Indoor fireplace"",Heating,Washer,Dryer,""Smoke detector"",""First aid kit"",""Fire extinguisher"",Essentials,Shampoo,""Lock on bedroom door"",Hangers,""Hair dryer"",Iron,""Laptop friendly workspace"",""translation missing: en.hosting_amenity_49"",""translation missing: en.hosting_amenity_50""}",2,1,Real Bed,strict,1,NYC,t,100%,2012-06-27,Bedford-Stuyvesant,18,89,11221,1,1
257568,389.18,House,Private room,"{TV,Internet,""Wireless Internet"",""Air conditioning"",Kitchen,""Buzzer/wireless intercom"",Heating,""Smoke detector"",""Carbon monoxide detector"",""First aid kit"",""Fire extinguisher"",Essentials,Shampoo,""Lock on bedroom door"",""24-hour check-in"",Hangers,""Hair dryer"",Iron,""Laptop friendly workspace"",""translation missing: en.hosting_amenity_49"",""translation missing: en.hosting_amenity_50"",""Self Check-In"",Keypad}",3,1,Real Bed,strict,1,NYC,t,100%,2013-04-20,Astoria,246,90,11106,1,1
13667633,541.61,House,Entire home/apt,"{TV,""Cable TV"",Internet,""Wireless Internet"",Kitchen,""Free parking on premises"",""Pets live on this property"",Dog(s),Heating,""Family/kid friendly"",""Suitable for events"",Washer,Dryer,""Smoke detector"",""Carbon monoxide detector"",""First aid kit"",""Safety card"",""Fire extinguisher"",Essentials,Shampoo}",5,2,Real Bed,flexible,1,LA,t,100%,2015-05-08,Westchester/Playa Del Rey,8,94,90045,2,2
590903,662.01,House,Entire home/apt,"{TV,""Cable TV"",Internet,""Wireless Internet"",""Air conditioning"",Pool,Kitchen,""Free parking on premises"",""Indoor fireplace"",Heating,""Family/kid friendly"",Washer,Dryer,""Smoke detector"",""Carbon monoxide detector"",Essentials,Shampoo,Hangers,""Hair dryer"",Iron,""Laptop friendly workspace"",""Self Check-In"",Lockbox,""Private entrance""}",6,2,Real Bed,moderate,1,LA,t,100%,2015-03-01,Mid-Wilshire,2,100,90048,3,3
19161964,391.2,House,Private room,"{Internet,""Wireless Internet"",""Air conditioning"",""Free parking on premises"",""Hot tub"",""Family/kid friendly"",Washer,Dryer,""Smoke detector"",""Carbon monoxide detector"",""First aid kit"",Shampoo,""Hair dryer"",Iron}",1,1,Real Bed,flexible,1,LA,f,,2016-07-14,,0,,90650,1,1
17840858,529.83,House,Private room,"{""Cable TV"",Internet,""Wireless Internet"",""Air conditioning"",Pool,""Hot tub"",Heating,""Smoke detector"",Essentials}",2,1,Real Bed,moderate,1,LA,f,,2015-03-10,Mid-Wilshire,0,,90048,1,1
19475815,470.05,House,Private room,"{TV,Internet,""Wireless Internet"",""Air conditioning"",Kitchen,""Pets allowed"",Breakfast,Heating,Essentials,Shampoo,""Lock on bedroom door"",Hangers,""Hair dryer"",Iron,""Laptop friendly workspace"",""translation missing: en.hosting_amenity_49"",""translation missing: en.hosting_amenity_50"",""Private living room""}",2,1,Real Bed,moderate,1,NYC,t,60%,2015-11-14,Astoria,4,93,11106,1,1
1407841,412.71,House,Private room,"{TV,""Wireless Internet"",""Air conditioning"",Kitchen,""Free parking on premises"",Breakfast,""Indoor fireplace"",Heating,Washer,Dryer,""Smoke detector"",""Carbon monoxide detector"",""First aid kit"",""Safety card"",""Fire extinguisher"",Essentials,Shampoo,""Lock on bedroom door"",Hangers,""Hair dryer"",Iron,""Laptop friendly workspace"",""translation missing: en.hosting_amenity_49"",""translation missing: en.hosting_amenity_50""}",2,1,Real Bed,moderate,1,LA,t,100%,2016-05-27,Mar Vista,18,99,90066,1,1
3585452,380.67,House,Private room,"{TV,Internet,""Wireless Internet"",""Air conditioning"",Kitchen,""Free parking on premises"",Heating,Washer,Dryer,""Smoke detector"",""Carbon monoxide detector"",""Fire extinguisher"",Essentials}",1,1,Real Bed,flexible,0,LA,t,,2015-03-06,Reseda,3,100,91335,1,1
1535628,407.75,House,Private room,"{""Wireless Internet"",Kitchen,""Pets live on this property"",Dog(s),Heating,Washer,Dryer,""Smoke detector"",""Carbon monoxide detector"",Essentials,Hangers,""translation missing: en.hosting_amenity_49"",""translation missing: en.hosting_amenity_50""}",2,2,Real Bed,moderate,1,NYC,f,100%,2016-03-10,Hunts Point,4,100,10474,1,1
6888244,501.06,House,Private room,"{TV,""Wireless Internet"",""Air conditioning"",Pool,Kitchen,""Pets allowed"",Heating,""Family/kid friendly"",Washer,Dryer,""Smoke detector"",""Fire extinguisher"",Essentials,Shampoo,""Lock on bedroom door"",Hangers,""Hair dryer"",Iron,""Laptop friendly workspace"",""Self Check-In"",Lockbox,""Bed linens"",""Extra pillows and blankets""}",2,2,Real Bed,strict,1,NYC,t,100%,2011-03-25,Carroll Gardens,8,83,11231,1,1
15073872,474.49,House,Private room,"{TV,""Cable TV"",Internet,""Wireless Internet"",""Air conditioning"",Kitchen,""Free parking on premises"",""Smoking allowed"",""Pets allowed"",Gym,""Pets live on this property"",Dog(s),Cat(s),Heating,""Family/kid friendly"",""Smoke detector"",""Carbon monoxide detector"",""First aid kit"",""Safety card"",""Fire extinguisher"",Essentials,Shampoo,""Lock on bedroom door"",""24-hour check-in"",Hangers,""Hair dryer"",Iron,""Laptop friendly workspace""}",4,1,Real Bed,flexible,0,LA,t,100%,2013-03-06,Studio City,6,100,91604,1,1
10174146,695.65,House,Entire home/apt,"{TV,Internet,""Wireless Internet"",""Air conditioning"",Pool,Kitchen,""Free parking on premises"",""Hot tub"",""Indoor fireplace"",Heating,""Family/kid friendly"",""Suitable for events"",Washer,Dryer,""Smoke detector"",""Carbon monoxide detector"",""First aid kit"",""Fire extinguisher"",Shampoo}",9,4,Real Bed,moderate,1,LA,t,83%,2015-08-09,,1,100,90048,5,5
12600300,424.85,House,Private room,"{""Wireless Internet"",""Air conditioning"",Kitchen,Heating,""Family/kid friendly"",Washer,Dryer,""Smoke detector"",""Carbon monoxide detector"",Essentials,Shampoo,Hangers,""Hair dryer"",""Laptop friendly workspace"",""translation missing: en.hosting_amenity_50"",""Self Check-In"",Keypad}",4,2,Real Bed,strict,1,NYC,f,99%,2017-05-06,Flushing,12,93,11355,1,2
62427,667.83,Villa,Entire home/apt,"{TV,""Cable TV"",Internet,""Wireless Internet"",""Air conditioning"",Pool,Kitchen,""Free parking on premises"",Gym,""Indoor fireplace"",Heating,""Family/kid friendly"",""Suitable for events"",Washer,Dryer,""Smoke detector"",""Carbon monoxide detector"",""First aid kit"",""Fire extinguisher"",Essentials,Shampoo,""24-hour check-in"",Hangers,""Hair dryer"",Iron,""Laptop friendly workspace"",""Self Check-In"",""Doorman Entry""}",12,4,Real Bed,strict,1,LA,t,100%,2011-09-28,Topanga,32,99,90290,4,4
5447656,417.44,House,Private room,"{TV,""Cable TV"",""Wireless Internet"",""Air conditioning"",Kitchen,""Indoor fireplace"",Heating,""Family/kid friendly"",Washer,Dryer,""Smoke detector"",""Carbon monoxide detector"",Essentials,Hangers,""Hair dryer"",Iron}",2,1,Real Bed,flexible,1,DC,t,100%,2011-03-25,Logan Circle,7,97,20005,1,1
2974433,529.33,House,Entire home/apt,"{TV,""Cable TV"",Internet,""Wireless Internet"",Kitchen,""Free parking on premises"",""Hot tub"",Heating,""Family/kid friendly"",""Suitable for events"",""Smoke detector"",""Carbon monoxide detector"",""First aid kit"",""Fire extinguisher"",Essentials,Shampoo}",4,1,Real Bed,strict,0,LA,t,100%,2011-11-28,Long Beach,109,97,90803,1,1
17010314,430.41,House,Private room,"{""Wireless Internet"",""Air conditioning"",Pool,Kitchen,""Free parking on premises"",""Pets allowed"",""Pets live on this property"",Dog(s),Cat(s),""Other pet(s)"",Heating,""Family/kid friendly"",Washer,""Smoke detector"",""Carbon monoxide detector"",""First aid kit"",""Fire extinguisher"",Essentials,Shampoo,""24-hour check-in"",Hangers,""Hair dryer"",""Laptop friendly workspace"",""translation missing: en.hosting_amenity_50""}",2,1,Real Bed,moderate,1,LA,t,100%,2013-03-06,,33,99,91506,1,1
20167264,385.01,House,Private room,"{Internet,""Wireless Internet"",""Air conditioning"",Kitchen,""Free parking on premises"",Breakfast,Heating,Washer,Dryer,""Smoke detector"",""Carbon monoxide detector"",Essentials,Shampoo,""translation missing: en.hosting_amenity_49"",""translation missing: en.hosting_amenity_50""}",1,1,Real Bed,flexible,1,Boston,t,100%,2013-03-06,Dorchester,220,98,2125,1,1
20257960,478.75,House,Private room,"{Internet,""Wireless Internet"",""Air conditioning"",Kitchen,""Family/kid friendly"",Washer,Dryer,""Smoke detector"",""First aid kit"",""Fire extinguisher""}",2,1,Real Bed,flexible,0,LA,t,,2013-03-06,Mid-Wilshire,0,,90035,1,1
4156913,570.38,House,Entire home/apt,"{TV,""Wireless Internet"",""Air conditioning"",Kitchen,""Free parking on premises"",""Pets allowed"",Heating,""Family/kid friendly"",""Suitable for events"",Washer,Dryer,""Smoke detector"",""Carbon monoxide detector"",""First aid kit"",""Safety card"",""Fire extinguisher"",Essentials,Hangers,""Hair dryer"",""Laptop friendly workspace""}",6,2,Real Bed,moderate,1,NYC,f,100%,2016-05-30,The Rockaways,2,100,11509,4,5
8881130,448.86,House,Entire home/apt,"{TV,Internet,""Wireless Internet"",""Air conditioning"",Kitchen,""Free parking on premises"",""Pets allowed"",""Pets live on this property"",Heating,""Family/kid friendly"",Dryer,""Smoke detector"",""Carbon monoxide detector"",""First aid kit"",""Fire extinguisher"",Essentials,Shampoo,""Hair dryer"",Iron}",2,1,Real Bed,strict,1,LA,t,100%,2011-03-25,Woodland Hills/Warner Center,17,98,91364,1,1
11993790,602.83,House,Entire home/apt,"{TV,""Wireless Internet"",""Air conditioning"",Kitchen,Breakfast,""Indoor fireplace"",Heating,""Family/kid friendly"",Washer,Dryer,""Smoke detector"",""Carbon monoxide detector"",""First aid kit"",""Safety card"",""Fire extinguisher"",Essentials,Shampoo,""Lock on bedroom door"",Hangers,""Hair dryer"",Iron,""Laptop friendly workspace"",""translation missing: en.hosting_amenity_50"",""Private entrance"",""Children��s books and toys"",""Fireplace guards"",Microwave,""Coffee maker"",Refrigerator,Dishwasher,""Dishes and silverware"",""Cooking basics"",Oven,Stove}",7,2,Real Bed,strict,1,NYC,f,100%,2017-05-06,Windsor Terrace,0,,11218,5,5
10989476,455.39,House,Private room,"{TV,""Cable TV"",Internet,""Wireless Internet"",Kitchen,Heating,Washer,Dryer,""Smoke detector"",""Carbon monoxide detector"",""First aid kit"",Essentials,Shampoo,""24-hour check-in"",Hangers,""Laptop friendly workspace"",""translation missing: en.hosting_amenity_49"",""translation missing: en.hosting_amenity_50"",""Hot water"",""Bed linens""}",2,1,Real Bed,moderate,1,SF,t,100%,2013-04-20,Bernal Heights,28,98,94110,1,1
2444713,506.89,House,Entire home/apt,"{TV,Internet,""Wireless Internet"",""Air conditioning"",Kitchen,Heating,""Smoke detector"",""Carbon monoxide detector"",""First aid kit"",""Fire extinguisher"",Essentials,Shampoo,""24-hour check-in"",Hangers,""Hair dryer"",Iron,""Laptop friendly workspace"",""translation missing: en.hosting_amenity_50""}",2,1,Real Bed,moderate,1,LA,t,100%,2014-06-20,Echo Park,117,98,90039,0,1
19947454,459.51,Apartment,Private room,"{TV,Internet,""Wireless Internet"",Kitchen,""Free parking on premises"",""Hot tub"",Heating,Washer,Dryer,""Smoke detector"",""Carbon monoxide detector"",Essentials,Shampoo,Hangers,""Hair dryer"",Iron,""Laptop friendly workspace"",""translation missing: en.hosting_amenity_49"",""translation missing: en.hosting_amenity_50""}",2,1,Real Bed,flexible,1,LA,t,100%,2014-04-14,Westwood,10,98,90024,1,1
13653016,417.44,Other,Private room,"{TV,Internet,""Wireless Internet"",""Air conditioning"",""Smoking allowed"",Heating,""Family/kid friendly"",""Smoke detector"",""Carbon monoxide detector"",""First aid kit"",""Safety card"",""Fire extinguisher"",""24-hour check-in""}",3,1,Real Bed,strict,0,LA,f,100%,2016-11-28,,1,20,90731,1,1
20942873,480.4,Condominium,Private room,"{TV,""Cable TV"",Internet,""Wireless Internet"",Kitchen,""Free parking on premises"",""Indoor fireplace"",Heating,Washer,Dryer,""Smoke detector"",""Carbon monoxide detector"",Essentials,Shampoo,""Lock on bedroom door"",Hangers,""Hair dryer"",""translation missing: en.hosting_amenity_49"",""translation missing: en.hosting_amenity_50"",""Self Check-In"",Lockbox}",2,1,Real Bed,flexible,0,LA,t,80%,2013-09-13,Santa Monica,28,96,90405,1,1
19583726,552.15,Condominium,Entire home/apt,"{TV,Internet,""Wireless Internet"",""Air conditioning"",Kitchen,""Buzzer/wireless intercom"",Heating,Washer,Dryer,""Smoke detector"",""Carbon monoxide detector"",""Fire extinguisher"",Essentials,Shampoo,""24-hour check-in"",Hangers,""Hair dryer"",Iron,""Laptop friendly workspace"",""translation missing: en.hosting_amenity_49"",""translation missing: en.hosting_amenity_50""}",4,2,Real Bed,moderate,0,Boston,f,,2015-06-08,South Boston,15,97,2127,2,2
17196103,482.83,Apartment,Entire home/apt,"{TV,""Cable TV"",Internet,""Wireless Internet"",""Air conditioning"",Kitchen,""Free parking on premises"",""Elevator in building"",""Indoor fireplace"",""Buzzer/wireless intercom"",Heating,Washer,Dryer,Essentials,Shampoo,""24-hour check-in"",Hangers,""Hair dryer"",Iron,""Laptop friendly workspace""}",4,1,Real Bed,moderate,1,LA,t,89%,2009-12-25,Marina Del Rey,11,91,90292,1,1
9318115,680.13,House,Entire home/apt,"{Internet,""Wireless Internet"",Kitchen,""Free parking on premises"",""Pets allowed"",""Indoor fireplace"",Heating,""Family/kid friendly"",Washer,""Smoke detector"",""Carbon monoxide detector"",""First aid kit"",Essentials,Shampoo,Hangers,""Hair dryer"",""Laptop friendly workspace"",""Private entrance""}",5,1,Real Bed,strict,1,LA,f,100%,2016-06-13,Malibu,0,,90265,3,3
9937434,497.67,Apartment,Entire home/apt,"{TV,""Wireless Internet"",""Air conditioning"",Heating,""Family/kid friendly"",Washer,Dryer,""Smoke detector"",""Carbon monoxide detector"",Essentials,Shampoo,""Lock on bedroom door"",Hangers,""Hair dryer"",Iron,""translation missing: en.hosting_amenity_50"",""Self Check-In"",Keypad}",2,1,Real Bed,strict,1,LA,t,100%,2016-03-23,Hermosa Beach,1,60,90254,0,1
4454031,685.65,House,Entire home/apt,"{TV,Internet,""Wireless Internet"",Kitchen,""Free parking on premises"",""Pets live on this property"",""Other pet(s)"",Heating,""Family/kid friendly"",Washer,Dryer,""Smoke detector"",""Carbon monoxide detector"",Essentials,Shampoo,""Hair dryer""}",6,2,Real Bed,moderate,1,LA,t,100%,2014-10-08,,6,100,90266,4,4
16259866,361.09,House,Private room,"{""Wireless Internet"",""Air conditioning"",Kitchen,Heating,""Family/kid friendly"",""Smoke detector"",""Carbon monoxide detector"",""First aid kit"",""Fire extinguisher"",Essentials,""Lock on bedroom door"",Hangers,""Laptop friendly workspace"",""translation missing: en.hosting_amenity_50""}",2,1,Real Bed,flexible,0,NYC,f,100%,2016-01-11,East New York,14,85,11208,1,1
20282225,507.52,Apartment,Private room,"{Internet,""Wireless Internet"",""Air conditioning"",Kitchen,Heating,Washer,Dryer,""Smoke detector"",""Carbon monoxide detector"",""Fire extinguisher"",Essentials,Shampoo,Hangers,""Hair dryer"",""Laptop friendly workspace""}",2,1,Real Bed,moderate,1,Boston,f,100%,2014-07-14,Dorchester,1,100,2125,1,1
23269,519.3,Condominium,Entire home/apt,"{TV,Internet,""Wireless Internet"",""Air conditioning"",""Wheelchair accessible"",Kitchen,""Free parking on premises"",Gym,""Pets live on this property"",""Elevator in building"",Heating,""Family/kid friendly"",Washer,Dryer,""Smoke detector"",""Carbon monoxide detector"",Shampoo,Hangers,""Hair dryer"",Iron,""Laptop friendly workspace""}",6,2,Real Bed,moderate,1,LA,t,100%,2015-11-29,,10,100,90802,2,2
18073864,482.83,Apartment,Entire home/apt,"{TV,""Cable TV"",Internet,""Wireless Internet"",""Air conditioning"",Pool,Kitchen,""Free parking on premises"",Gym,""Hot tub"",Heating,""Family/kid friendly"",Washer,Dryer,Essentials,Shampoo,""24-hour check-in"",Hangers,""Hair dryer"",""translation missing: en.hosting_amenity_50""}",4,2,Real Bed,flexible,1,LA,t,100%,2012-09-27,,10,90,91302,2,2
14236545,490.53,Apartment,Private room,"{""Wireless Internet"",Heating,""Smoke detector"",""Carbon monoxide detector"",""First aid kit"",""Safety card"",""Fire extinguisher"",Essentials,Shampoo,Hangers,""translation missing: en.hosting_amenity_49"",""translation missing: en.hosting_amenity_50""}",2,1,Real Bed,strict,1,Boston,t,100%,2014-12-23,Dorchester,7,83,2125,1,1
15409556,355.53,House,Private room,"{""Family/kid friendly"",""Smoke detector""}",2,1,Real Bed,strict,1,LA,t,100%,2015-12-14,Hawthorne,5,92,90250,1,1
7637363,661.87,House,Entire home/apt,"{TV,""Wireless Internet"",Pool,Kitchen,""Free parking on premises"",""Hot tub"",""Indoor fireplace"",Heating,""Family/kid friendly"",Washer,Dryer,""Smoke detector"",""Carbon monoxide detector"",Essentials,Shampoo,Hangers,""Hair dryer"",Iron,""translation missing: en.hosting_amenity_50""}",8,3,Real Bed,strict,1,LA,t,100%,2014-01-12,Manhattan Beach,5,96,90266,4,4
6391342,417.44,House,Private room,"{TV,""Cable TV"",Internet,""Wireless Internet"",""Air conditioning"",Kitchen,""Free parking on premises"",Breakfast,""Indoor fireplace"",""Buzzer/wireless intercom"",Heating,Washer,Dryer,""Smoke detector"",""First aid kit"",""Fire extinguisher"",Essentials,Shampoo,""24-hour check-in"",Iron}",2,1,Real Bed,strict,1,LA,f,100%,2014-06-24,Westlake,36,96,90005,1,1
11606802,455.39,House,Entire home/apt,"{TV,""Cable TV"",Internet,""Wireless Internet"",""Air conditioning"",Kitchen,""Free parking on premises"",""Pets allowed"",Breakfast,Heating,""Family/kid friendly"",Washer,Dryer,""Smoke detector"",""Carbon monoxide detector"",""First aid kit"",""Safety card"",""Fire extinguisher"",Essentials,Shampoo,""24-hour check-in"",Hangers,""Hair dryer"",Iron,""Laptop friendly workspace"",""Private entrance""}",5,1,Real Bed,moderate,1,LA,t,100%,2016-06-22,Westlake,45,97,90015,1,2
12289125,486.75,House,Entire home/apt,"{TV,Internet,""Wireless Internet"",""Air conditioning"",Kitchen,Breakfast,""Indoor fireplace"",""Buzzer/wireless intercom"",Heating,""Smoke detector"",""Carbon monoxide detector"",""Fire extinguisher"",Essentials,Shampoo,Hangers,Iron,""Laptop friendly workspace"",""translation missing: en.hosting_amenity_49"",""translation missing: en.hosting_amenity_50""}",6,2,Real Bed,strict,1,LA,t,80%,2014-02-02,Westlake,31,95,90057,2,4
14320263,321.89,House,Shared room,"{TV,""Wireless Internet"",""Air conditioning"",Kitchen,Heating,""Smoke detector"",""Carbon monoxide detector"",Essentials,Shampoo,Hangers,""Hair dryer"",Iron,""Laptop friendly workspace"",""translation missing: en.hosting_amenity_49"",""translation missing: en.hosting_amenity_50""}",1,2,Real Bed,strict,1,LA,f,100%,2016-03-27,Westlake,0,,90005,1,1
392794,270.81,House,Shared room,"{TV,""Cable TV"",Internet,""Wireless Internet"",""Air conditioning"",Kitchen,Heating,Washer,Dryer,""Smoke detector"",""Carbon monoxide detector"",""First aid kit"",""Safety card"",""Fire extinguisher"",Essentials,Shampoo,""Lock on bedroom door"",Hangers,""Hair dryer"",Iron,""Laptop friendly workspace"",""translation missing: en.hosting_amenity_49"",""translation missing: en.hosting_amenity_50""}",4,1,Real Bed,strict,0,LA,t,99%,2016-03-27,Westlake,35,85,90006,1,10
6692191,423.41,House,Private room,"{TV,Internet,""Wireless Internet"",""Air conditioning"",Kitchen,""Free parking on premises"",Breakfast,Heating,Washer,Dryer,""Smoke detector"",""Carbon monoxide detector"",""First aid kit"",""Safety card"",""Fire extinguisher"",Essentials,Shampoo,""Lock on bedroom door"",""24-hour check-in"",Hangers,""Hair dryer"",Iron,""Laptop friendly workspace"",""translation missing: en.hosting_amenity_49"",""translation missing: en.hosting_amenity_50""}",1,2,Real Bed,flexible,0,LA,t,100%,2013-09-13,Westlake,9,100,90015,1,1
5321538,674.52,Townhouse,Entire home/apt,"{TV,""Cable TV"",Internet,""Wireless Internet"",""Air conditioning"",Kitchen,""Indoor fireplace"",""Smoke detector"",""Carbon monoxide detector"",""translation missing: en.hosting_amenity_49"",""translation missing: en.hosting_amenity_50""}",8,1,Real Bed,flexible,1,NYC,f,100%,2013-09-13,Harlem,0,,10027,0,1
17497415,404.31,Apartment,Shared room,"{""Wireless Internet"",Kitchen,Elevator,""Family/kid friendly"",""Smoke detector"",Essentials,Shampoo,""Hair dryer"",Iron,""translation missing: en.hosting_amenity_50""}",2,1,Real Bed,flexible,1,NYC,t,22%,2016-10-08,Harlem,6,84,10027,1,1
992786,474.49,Apartment,Entire home/apt,"{TV,Internet,""Wireless Internet"",""Air conditioning"",Kitchen,""Pets allowed"",""Pets live on this property"",Dog(s),""Buzzer/wireless intercom"",Heating,""Smoke detector"",""First aid kit"",""Safety card"",Essentials,Shampoo,""24-hour check-in"",Hangers,Iron,""Laptop friendly workspace"",""translation missing: en.hosting_amenity_49"",""translation missing: en.hosting_amenity_50""}",2,1,Real Bed,moderate,1,NYC,t,67%,2012-02-04,Harlem,21,96,10035,1,1
13650177,438.2,Apartment,Private room,"{TV,""Cable TV"",Internet,""Wireless Internet"",""Air conditioning"",""Wheelchair accessible"",Kitchen,Elevator,Heating,""Family/kid friendly"",Washer,Dryer,""Smoke detector"",""First aid kit"",""Fire extinguisher"",Essentials,Hangers,Iron,""Laptop friendly workspace"",""Hot water"",""Bed linens"",Microwave,""Coffee maker"",Refrigerator,""Dishes and silverware"",""Cooking basics"",Oven,Stove}",2,1,Real Bed,strict,1,NYC,t,100%,2015-07-04,Harlem,2,100,10030,1,1
5792141,486.75,Apartment,Entire home/apt,"{TV,Internet,""Wireless Internet"",""Air conditioning"",Kitchen,""Buzzer/wireless intercom"",Heating,""Family/kid friendly"",""Smoke detector"",Hangers,""Hair dryer"",Iron}",4,1,Real Bed,strict,1,NYC,t,80%,2010-12-03,Harlem,85,90,10027,1,2
6390069,570.38,Apartment,Entire home/apt,"{TV,""Wireless Internet"",Kitchen,""Buzzer/wireless intercom"",Heating,""Family/kid friendly"",""Smoke detector"",""Carbon monoxide detector"",Essentials,""Laptop friendly workspace""}",4,1,Real Bed,moderate,1,NYC,t,,2011-01-17,Harlem,0,,10027,2,3
8579757,501.06,Condominium,Entire home/apt,"{TV,""Wireless Internet"",""Air conditioning"",Kitchen,Elevator,Heating,""Family/kid friendly"",""Suitable for events"",""Smoke detector"",""Carbon monoxide detector"",""First aid kit"",Essentials,Shampoo,""Lock on bedroom door"",Hangers,""Hair dryer"",Iron}",5,1,Real Bed,moderate,0,NYC,f,93%,2017-01-05,Harlem,2,90,10039,2,3
14115855,448.86,Apartment,Private room,"{TV,""Wireless Internet"",Kitchen,Washer,Dryer,""Smoke detector"",Essentials,Hangers,""Hair dryer"",Iron,""Laptop friendly workspace"",""Hot water"",""Bed linens"",""Extra pillows and blankets""}",2,1,Real Bed,moderate,0,NYC,f,100%,2013-08-10,Harlem,8,100,10031,1,1
685364,478.75,Apartment,Entire home/apt,"{Internet,""Wireless Internet"",""Air conditioning"",Kitchen,""Hot tub"",""Buzzer/wireless intercom"",Heating}",3,1,Real Bed,moderate,0,NYC,t,100%,2012-05-12,Harlem,7,100,10035,1,1
20031027,409.43,Apartment,Private room,"{TV,""Wireless Internet"",""Air conditioning"",Kitchen,""Smoking allowed"",""Pets allowed"",Heating,""Smoke detector"",""Carbon monoxide detector"",Essentials,""Lock on bedroom door"",Hangers,Iron,""Laptop friendly workspace"",""Private living room""}",2,1,Real Bed,flexible,1,NYC,f,100%,2014-12-16,Harlem,4,100,10030,1,1
15991936,551.75,Apartment,Entire home/apt,"{TV,""Wireless Internet"",""Air conditioning"",Kitchen,Heating,""Family/kid friendly"",Washer,Dryer,""Smoke detector"",""Carbon monoxide detector"",""First aid kit"",""Fire extinguisher"",Essentials,Shampoo,""Lock on bedroom door"",Hangers,""Hair dryer"",Iron,""Laptop friendly workspace"",""Self Check-In"",Keypad,""Private living room"",""High chair"",""Children��s books and toys"",""Window guards"",Crib,""Pack ��n Play/travel crib"",""Children��s dinnerware"",""Hot water"",""Bed linens"",""Extra pillows and blankets"",""Coffee maker"",Refrigerator,Dishwasher,""Dishes and silverware"",""Cooking basics"",Oven,Stove,""Luggage dropoff allowed"",""Long term stays allowed"",""Wide hallway clearance"",""Wide doorway"",""Well-lit path to entrance""}",4,1,Real Bed,moderate,1,NYC,t,100%,2013-09-20,Harlem,19,99,10027,2,2
11399852,424.85,House,Private room,"{""Wireless Internet"",""Air conditioning"",Kitchen,Heating,""Smoke detector"",""Carbon monoxide detector"",Essentials,Shampoo,""Lock on bedroom door"",Hangers,""Hair dryer"",""translation missing: en.hosting_amenity_49"",""translation missing: en.hosting_amenity_50""}",2,1,Real Bed,strict,0,NYC,t,100%,2015-06-10,Harlem,41,95,10027,1,2
14219018,444.27,Apartment,Private room,"{TV,""Cable TV"",Internet,""Wireless Internet"",""Air conditioning"",Kitchen,Gym,""Buzzer/wireless intercom"",Heating,""Family/kid friendly"",""translation missing: en.hosting_amenity_50"",Microwave,Refrigerator,""Dishes and silverware"",""Cooking basics"",Oven,Stove}",2,1,Real Bed,strict,1,NYC,t,89%,2013-06-07,Harlem,97,91,10027,1,1
6228461,409.43,Apartment,Private room,"{TV,""Wireless Internet"",""Air conditioning"",Kitchen,Breakfast,""Pets live on this property"",Cat(s),""Buzzer/wireless intercom"",Heating,Washer,Dryer,""Smoke detector"",""Carbon monoxide detector"",""First aid kit"",""Fire extinguisher"",Essentials,""Lock on bedroom door"",Hangers,""Hair dryer"",Iron,""Laptop friendly workspace"",""translation missing: en.hosting_amenity_49"",""translation missing: en.hosting_amenity_50"",""Hot water"",""Bed linens"",""Extra pillows and blankets"",Microwave,""Coffee maker"",Refrigerator,Dishwasher,""Dishes and silverware"",""Cooking basics"",Oven,Stove}",2,1,Real Bed,flexible,1,NYC,t,100%,2013-03-19,Harlem,7,97,10030,1,1
14057888,494.16,Apartment,Entire home/apt,"{TV,""Cable TV"",""Wireless Internet"",""Air conditioning"",""Wheelchair accessible"",Kitchen,Doorman,Elevator,""Buzzer/wireless intercom"",Heating,""Family/kid friendly"",Washer,Dryer,""Smoke detector"",""Carbon monoxide detector"",""Fire extinguisher"",Essentials,Shampoo,Hangers,Iron,""translation missing: en.hosting_amenity_50""}",4,1,Real Bed,flexible,1,NYC,t,100%,2013-05-20,Harlem,16,91,10037,1,1
8084290,497.67,Condominium,Entire home/apt,"{TV,""Wireless Internet"",""Air conditioning"",Kitchen,Breakfast,Elevator,Heating,""Suitable for events"",Washer,Dryer,""Smoke detector"",""Carbon monoxide detector"",""First aid kit"",""Safety card"",""Fire extinguisher"",Essentials,Shampoo,""Lock on bedroom door"",Hangers,""Hair dryer"",Iron,""Private entrance"",Bathtub,""Hot water"",""Bed linens"",""Extra pillows and blankets"",Microwave,""Coffee maker"",Refrigerator,Dishwasher,""Dishes and silverware"",""Cooking basics"",Oven,Stove,""Patio or balcony"",""Step-free access"",""Flat, smooth pathway to front door"",""Host greets you""}",4,1,Real Bed,moderate,1,NYC,t,100%,2012-05-09,Harlem,7,94,10027,1,2
12282255,449.98,Apartment,Entire home/apt,"{Internet,""Wireless Internet"",""Air conditioning"",Kitchen,""Pets allowed"",""Family/kid friendly"",""Smoke detector"",""Fire extinguisher"",Shampoo}",3,1,Real Bed,strict,0,NYC,t,100%,2015-04-23,Harlem,23,94,10030,0,1
21005590,444.27,Apartment,Private room,"{TV,""Wireless Internet"",""Air conditioning"",Kitchen,""Smoking allowed"",""Pets allowed"",Elevator,Heating,""Family/kid friendly"",Washer,Dryer,""Smoke detector"",""Carbon monoxide detector"",""First aid kit"",Essentials,Shampoo,""Lock on bedroom door"",Hangers,""Hair dryer"",Iron}",3,1,Real Bed,flexible,0,NYC,t,,2016-03-20,Harlem,0,,10039,2,1
4698479,510.59,Apartment,Entire home/apt,"{TV,Internet,""Wireless Internet"",""Air conditioning"",""Wheelchair accessible"",Kitchen,Gym,Elevator,""Buzzer/wireless intercom"",Heating,""Family/kid friendly"",Washer,Dryer,""Smoke detector"",""Carbon monoxide detector"",""Safety card"",Shampoo,Hangers,""Hair dryer"",""Laptop friendly workspace""}",2,1,Real Bed,moderate,1,NYC,t,,2015-12-10,Harlem,5,100,10026,1,1
6661783,448.86,Apartment,Private room,"{TV,""Wireless Internet"",""Air conditioning"",Kitchen,Heating,""Smoke detector"",""Carbon monoxide detector"",""Fire extinguisher"",Essentials,Shampoo,""Lock on bedroom door"",Hangers,""Hair dryer"",Iron,""Laptop friendly workspace"",Other}",2,2,Real Bed,flexible,1,NYC,t,100%,2014-04-26,Harlem,28,91,10027,1,1
2243670,519.3,Apartment,Entire home/apt,"{TV,""Cable TV"",Internet,""Wireless Internet"",""Air conditioning"",Kitchen,""Buzzer/wireless intercom"",Heating,""Family/kid friendly"",Washer,Dryer,""Smoke detector"",""Carbon monoxide detector"",""Safety card"",""Fire extinguisher"",Essentials,Shampoo,Hangers,Iron,""Laptop friendly workspace""}",3,1,Real Bed,strict,1,NYC,t,90%,2013-03-05,Harlem,15,97,10027,2,2
5059214,431.75,Apartment,Private room,"{TV,""Wireless Internet"",""Air conditioning"",Kitchen,""Free parking on premises"",Breakfast,Heating,""Smoke detector"",""Carbon monoxide detector"",""First aid kit"",""Fire extinguisher"",Essentials,Shampoo,""Lock on bedroom door"",Hangers,""Laptop friendly workspace"",""Private living room""}",1,3,Real Bed,strict,0,NYC,f,,2014-03-14,Harlem,0,,10030,2,1
20556938,438.2,Apartment,Private room,"{TV,Washer,""Cable TV"",Dryer,Internet,""Smoke detector"",""Wireless Internet"",""Carbon monoxide detector"",""Air conditioning"",Kitchen,Essentials,""Lock on bedroom door"",Hangers,""Hair dryer"",Doorman,""Laptop friendly workspace"",""translation missing: en.hosting_amenity_49"",Elevator,""Private living room"",Heating}",2,1,Real Bed,strict,0,NYC,f,100%,2016-04-12,Harlem,41,94,10029,1,1
10165064,431.75,Apartment,Entire home/apt,"{TV,""Cable TV"",Internet,""Wireless Internet"",""Air conditioning"",Kitchen,Gym,Elevator,""Buzzer/wireless intercom"",Heating,""Family/kid friendly"",Washer,Dryer,""Smoke detector"",""Carbon monoxide detector"",Essentials,Shampoo,""Hair dryer"",Iron,""Laptop friendly workspace""}",3,1,Real Bed,flexible,0,NYC,t,,2016-11-02,Harlem,1,100,10039,2,3
7359527,434.38,Apartment,Entire home/apt,"{TV,Internet,""Wireless Internet"",""Air conditioning"",Kitchen,""Free parking on premises"",Breakfast,""Buzzer/wireless intercom"",Heating,""Smoke detector"",""Carbon monoxide detector"",""Fire extinguisher"",Essentials,Shampoo}",2,1,Real Bed,flexible,0,NYC,f,,2015-04-08,Harlem,1,100,10030,0,1
6630775,504.34,Apartment,Entire home/apt,"{TV,""Cable TV"",Internet,""Wireless Internet"",""Air conditioning"",Kitchen,""Pets live on this property"",Dog(s),Heating,""Family/kid friendly"",""Smoke detector"",""Carbon monoxide detector"",""First aid kit"",""Safety card"",""Fire extinguisher"",Essentials,Shampoo,Hangers,""Hair dryer"",Iron,""Laptop friendly workspace"",""translation missing: en.hosting_amenity_50"",""Self Check-In"",""Smart lock""}",4,1,Real Bed,moderate,1,NYC,t,100%,2014-06-30,Harlem,40,97,10030,1,4
2399406,389.18,Apartment,Private room,"{""Wireless Internet"",Kitchen,""Pets allowed"",Breakfast,Elevator,""Family/kid friendly"",""Smoke detector"",""Carbon monoxide detector"",""First aid kit"",Essentials,Shampoo,""Lock on bedroom door"",Hangers,""Hair dryer"",Iron,""Laptop friendly workspace"",""translation missing: en.hosting_amenity_50""}",2,1,Real Bed,flexible,0,NYC,f,100%,2016-02-28,Harlem,12,92,10030,1,1
12386097,366.36,Apartment,Shared room,"{TV,Internet,""Wireless Internet"",""Air conditioning"",Kitchen,Heating,""Smoke detector"",Essentials,Shampoo}",1,1,Real Bed,moderate,1,NYC,t,100%,2015-10-02,Harlem,18,96,10027,1,2
4559312,510.59,Apartment,Entire home/apt,"{Internet,""Wireless Internet"",""Air conditioning"",Kitchen,""Pets live on this property"",Dog(s),""Buzzer/wireless intercom"",Heating,""Family/kid friendly"",""Smoke detector"",""Carbon monoxide detector"",Shampoo,Hangers,""Hair dryer"",""Laptop friendly workspace""}",4,1,Real Bed,strict,0,NYC,t,,2013-03-06,Harlem,2,80,10026,2,2
2165604,368.89,Apartment,Private room,"{""Wireless Internet"",""Air conditioning"",Kitchen,""Smoking allowed"",Breakfast,""Pets live on this property"",Cat(s),""Buzzer/wireless intercom"",""Smoke detector"",""Carbon monoxide detector"",""First aid kit"",""Fire extinguisher"",Essentials,Shampoo,Hangers,""Hair dryer"",Iron,""translation missing: en.hosting_amenity_49"",""translation missing: en.hosting_amenity_50"",""Host greets you""}",2,1,Real Bed,moderate,1,NYC,t,100%,2016-03-14,Harlem,7,94,10039,1,1
14276565,486.75,Apartment,Entire home/apt,"{TV,""Wireless Internet"",""Air conditioning"",Kitchen,""Buzzer/wireless intercom"",Heating,""Family/kid friendly"",""Smoke detector"",""Carbon monoxide detector"",Essentials,Hangers,""Hair dryer"",Iron,""Laptop friendly workspace""}",4,1,Real Bed,strict,1,NYC,t,87%,2014-01-22,Harlem,0,,10027,2,2
18385413,409.43,Apartment,Entire home/apt,"{TV,""Cable TV"",Internet,""Wireless Internet"",""Air conditioning"",Kitchen,Elevator,""Buzzer/wireless intercom"",Heating,Essentials,Hangers,""Hair dryer"",Iron}",2,1,Real Bed,flexible,0,NYC,f,,2014-06-04,Harlem,18,91,10030,0,1
4902799,621.26,Apartment,Entire home/apt,"{TV,Internet,""Wireless Internet"",""Air conditioning"",""Wheelchair accessible"",Kitchen,Elevator,Heating,""Family/kid friendly"",Washer,Dryer,""Smoke detector"",""Carbon monoxide detector"",""Fire extinguisher"",Essentials,Shampoo}",4,2,Real Bed,strict,1,NYC,t,,2011-12-23,Harlem,0,,10026,2,2
20976767,431.75,Apartment,Shared room,"{TV,Internet,""Wireless Internet"",""Air conditioning"",Kitchen,""Free parking on premises"",Elevator,""Buzzer/wireless intercom"",Heating,""Family/kid friendly"",""Smoke detector"",""Carbon monoxide detector"",""First aid kit"",Essentials,Shampoo,Hangers,""Hair dryer"",Iron,""Laptop friendly workspace"",""translation missing: en.hosting_amenity_50""}",2,1,Pull-out Sofa,moderate,1,NYC,t,100%,2013-03-19,Harlem,30,94,10026,1,1
10869168,552.15,Apartment,Entire home/apt,"{TV,""Cable TV"",Internet,""Wireless Internet"",""Air conditioning"",Kitchen,""Free parking on premises"",""Buzzer/wireless intercom"",Heating,""Family/kid friendly"",Dryer,""Smoke detector"",Essentials,Shampoo,""Hair dryer"",Iron}",7,1,Real Bed,strict,1,NYC,f,90%,2013-01-01,Harlem,29,88,10027,3,4
7591555,424.85,Apartment,Entire home/apt,"{""Wireless Internet"",""Air conditioning"",Kitchen,Heating,""Family/kid friendly"",""Smoke detector"",""Carbon monoxide detector"",Essentials,Shampoo,""Hair dryer"",Iron,""Laptop friendly workspace""}",2,1,Real Bed,flexible,1,NYC,f,38%,2013-06-02,Harlem,7,95,10039,1,1
15454112,459.51,House,Private room,"{TV,""Cable TV"",Internet,""Wireless Internet"",""Air conditioning"",Kitchen,Heating,""Smoke detector"",""Carbon monoxide detector"",""First aid kit"",""Safety card"",""Fire extinguisher"",Essentials,Shampoo,Hangers,""Hair dryer"",Iron,""Laptop friendly workspace"",""translation missing: en.hosting_amenity_49"",""translation missing: en.hosting_amenity_50"",""Private entrance""}",2,1,Real Bed,moderate,1,NYC,t,100%,2014-06-30,Harlem,73,94,10030,1,1
10923708,340.12,Apartment,Private room,"{TV,Internet,""Wireless Internet"",""Air conditioning"",Kitchen,""Pets live on this property"",Cat(s),""Buzzer/wireless intercom"",Heating,""Family/kid friendly"",Washer,""Smoke detector"",""Carbon monoxide detector"",""First aid kit"",""Fire extinguisher"",Essentials}",1,1,Real Bed,strict,0,NYC,t,100%,2014-06-30,Harlem,166,91,10031,1,1
1998513,438.2,Apartment,Entire home/apt,"{TV,Internet,""Wireless Internet"",""Air conditioning"",Kitchen,""Pets allowed"",Elevator,Heating,Washer,Dryer,""Smoke detector"",""Carbon monoxide detector"",Shampoo,""Self Check-In"",Lockbox}",2,1,Real Bed,strict,1,NYC,t,80%,2013-12-21,Harlem,11,87,10027,0,1
18211034,449.98,Apartment,Private room,"{""Wireless Internet"",Kitchen,""Smoke detector"",""Carbon monoxide detector"",""First aid kit"",Essentials,""Lock on bedroom door"",""Laptop friendly workspace"",""translation missing: en.hosting_amenity_49"",""translation missing: en.hosting_amenity_50""}",2,1,Real Bed,flexible,0,NYC,f,,2016-01-07,Harlem,0,,10030,1,1
13041230,431.75,Apartment,Entire home/apt,"{TV,Internet,""Wireless Internet"",""Wheelchair accessible"",Kitchen,""Free parking on premises"",Elevator,""Hot tub"",""Buzzer/wireless intercom"",Heating,Washer,Dryer,""Smoke detector"",""Carbon monoxide detector"",Essentials,Shampoo,Hangers,Iron,""translation missing: en.hosting_amenity_49"",""translation missing: en.hosting_amenity_50""}",3,1,Real Bed,flexible,1,NYC,t,,2013-12-21,Harlem,31,87,10027,1,1
9470528,477.91,Apartment,Entire home/apt,"{TV,""Cable TV"",Internet,""Wireless Internet"",""Air conditioning"",Kitchen,Heating,""Smoke detector"",Essentials}",2,1,Real Bed,moderate,1,NYC,t,100%,2015-10-02,Harlem,5,88,10027,0,2
8256789,552.15,Apartment,Entire home/apt,"{TV,""Wireless Internet"",""Air conditioning"",Elevator,Heating,""Family/kid friendly"",Washer,Dryer,""Smoke detector"",""Carbon monoxide detector"",Essentials,Shampoo,""Hair dryer"",Iron}",4,2,Real Bed,moderate,1,NYC,t,100%,2015-10-02,Harlem,0,,10027,2,2
3323232,460.52,Condominium,Private room,"{TV,""Wireless Internet"",""Air conditioning"",Kitchen,Breakfast,Heating,""Family/kid friendly"",Washer,Dryer,""Smoke detector"",""Carbon monoxide detector"",""First aid kit"",""Fire extinguisher"",Essentials,Shampoo,""Lock on bedroom door"",Hangers,""Hair dryer"",Iron,""Laptop friendly workspace"",""Private living room""}",2,1,Real Bed,flexible,0,NYC,f,100%,2015-10-02,Harlem,0,,10039,1,1
20899396,470.05,Apartment,Entire home/apt,"{TV,Internet,""Wireless Internet"",""Air conditioning"",Kitchen,""Buzzer/wireless intercom"",Heating,""Family/kid friendly"",""Smoke detector"",""Carbon monoxide detector"",Essentials,Shampoo}",4,1,Real Bed,flexible,1,NYC,t,100%,2013-12-21,Harlem,4,85,10030,1,2
3380585,436.94,Apartment,Private room,"{TV,""Cable TV"",Internet,""Wireless Internet"",""Air conditioning"",Kitchen,Elevator,""Buzzer/wireless intercom"",Heating,Washer,Dryer,""Smoke detector"",""Carbon monoxide detector"",Essentials}",2,1,Real Bed,moderate,0,NYC,f,,2014-06-30,Harlem,2,70,10027,1,1
10770929,561.68,Apartment,Entire home/apt,"{TV,""Cable TV"",Internet,""Wireless Internet"",""Air conditioning"",Kitchen,Heating,""Smoke detector"",""Carbon monoxide detector"",""Fire extinguisher"",Essentials,Hangers,""Hair dryer"",Iron}",8,2,Real Bed,strict,1,NYC,t,100%,2014-06-30,Harlem,28,92,10026,2,5
7347593,504.34,House,Private room,"{TV,Internet,""Wireless Internet"",Kitchen,""Smoking allowed"",""Indoor fireplace"",""Buzzer/wireless intercom"",Heating,Washer,Dryer,""Smoke detector"",""Carbon monoxide detector"",""First aid kit"",Essentials,Shampoo,""24-hour check-in"",Hangers,""Hair dryer"",Iron,""Laptop friendly workspace"",""Self Check-In"",Lockbox,""Hot water"",""Private bathroom"",""Bed linens"",""Extra pillows and blankets"",Microwave,""Coffee maker"",Refrigerator,""Dishes and silverware"",""Cooking basics"",Oven,Stove,""BBQ grill"",""Patio or balcony"",""Garden or backyard"",""Luggage dropoff allowed"",""Cleaning before checkout"",""Wide hallway clearance"",""Wide doorway"",""Wide doorway"",""Wide clearance to bed"",""Step-free access"",""Wide doorway"",""Fixed grab bars for shower & toilet"",""Accessible-height toilet"",""Wide clearance to shower & toilet"",""Step-free access"",""Wide entryway""}",4,1,Real Bed,strict,0,NYC,t,100%,2013-12-11,Harlem,14,89,10037,1,2
11157369,409.43,Apartment,Private room,"{TV,Internet,""Wireless Internet"",""Air conditioning"",Kitchen,Heating,Essentials,Shampoo,Iron,""Laptop friendly workspace""}",1,1,Real Bed,flexible,1,NYC,t,,2014-06-30,Harlem,0,,10026,1,1
16354537,478.75,Apartment,Private room,"{""Wireless Internet"",""Air conditioning"",Kitchen,Heating,Washer,Dryer,""Smoke detector"",""Carbon monoxide detector"",Essentials,Shampoo,Hangers,""Hair dryer"",Iron,""Laptop friendly workspace"",""Bed linens""}",2,1,Real Bed,strict,0,NYC,t,100%,2013-12-21,Harlem,14,99,10027,1,1
